序號,建照字號,建案名稱,雲端服務,Drive PDF,系統 PDF,覆蓋率,警戒值項數,行動值項數,最近警戒日期,最新報告,距今天數,狀態,政府PDF URL狀態
1,"112建字第0182號","所長宿舍","Google Drive",222,0,-,0,0,,2026-09-30,0,not_uploaded,alive
2,"112建字第0126號","揚昇君悅大樓新建工程 / 睦昇建設台北市復興南路敦化段三小段552地號28筆住宅","Google Drive",118,114,96%,0,0,,2026-09-30,0,in_progress,alive
3,"110建字第0269號","觀測報表","其他: sites.google.com",30,0,-,0,0,,2026-09-30,0,completed_project,alive
4,"112建字第0231號","新宏都台北市吉林段","Google Drive",51,1,1%,0,0,,2026-09-30,0,in_progress,alive
5,"110建字第0303號","大信民生段","其他: sites.google.com",14,0,-,0,0,,2026-09-30,0,completed_project,alive
6,"114建字第0186號","","Google Drive",8,0,-,0,0,,2026-09-30,0,not_uploaded,
7,"113建字第0017號","本網站由承造人：久年營造股份有限公司 自行維護，即時更新相關數據","其他: sites.google.com",1,0,-,0,1,2025-12-01,2026-09-30,0,not_uploaded,alive
8,"111建字第0083號","南港調車場都市更新案(單元二","Google Drive",45,32,71%,0,0,,2026-09-30,0,in_progress,alive
9,"112建字第0021號","C棟新建工程","Google Drive",140,0,-,0,0,,2026-09-30,0,not_uploaded,alive
10,"111建字第0311號","台北市南港區南港段二小段671-6等52筆地號新建工程","Google Drive",361,0,-,2,0,2026-09-21,2026-09-30,0,not_uploaded,alive
11,"112建字第0001號","復興聯合大樓","其他: sites.google.com",150,0,-,0,0,,2026-09-30,0,not_uploaded,alive
12,"111建字第0103號","P1063-京騰營造台北東湖段監測","其他: sites.google.com",97,22,22%,0,0,,2026-09-30,0,in_progress,alive
13,"109建字第0035號","公館配水池工地","其他: sites.google.com",240,0,-,0,0,,2026-09-30,0,completed_project,alive
14,"110建字第0171號","璞承-中山築觀","Google Drive",86,83,96%,0,0,,2026-09-30,0,in_progress,alive
15,"111建字第0249號","華誼建設信義雙星二期","Google Drive",120,67,55%,0,1,2026-09-23,2026-09-30,0,in_progress,alive
16,"112建字第0227號","永陞韶光","Google Drive",94,92,97%,0,0,,2026-09-30,0,in_progress,alive
17,"109建字第0262號","市府二小段商住新建工程","Google Drive",183,8,4%,0,0,,2026-09-30,0,in_progress,alive
18,"113建字第0015號","麗明利百代量測報表","Google Drive",34,0,-,0,0,,2026-09-30,0,not_uploaded,alive
19,"114建字第0068號","億東-M03億安沐青新建工程報告書~","Google Drive",60,0,-,0,0,,2026-09-30,0,not_uploaded,
20,"110建字第0011號","永筑-大同段","其他: sites.google.com",83,0,-,0,0,,2026-09-30,0,completed_project,alive
21,"110建字第0033號","~安全觀測系統工作","其他: sites.google.com",121,0,-,1,0,2026-09-01,2026-09-30,0,completed_project,alive
22,"111建字第0341號","瑞恆九榮興業","其他: sites.google.com",51,0,-,0,0,,2026-09-30,0,not_uploaded,alive
23,"107建字第0092號","鴻輝建設-台北市北投區崇仰段一小段131地號等住宅","Google Drive",178,0,-,1,0,2026-03-02,2026-09-30,0,completed_project,alive
24,"114建字第0096號","台北市瑞安段二小段499等10筆地號新","Google Drive",5,1,20%,0,0,,2026-09-30,0,in_progress,alive
25,"112建字第0225號","久年長慶","Google Drive",64,51,79%,0,0,,2026-09-30,0,in_progress,alive
26,"112建字第0019號","北投軟橋段集合住宅","短網址",68,0,-,0,1,2026-01-13,2026-09-30,0,not_uploaded,alive
27,"113建字第0149號","士林Y26安全","Google Drive",65,61,93%,0,0,,2026-09-30,0,in_progress,alive
28,"112建字第0241號","昇陽建設德行東路案","Google Drive",4,2,50%,1,0,2026-01-14,2026-09-30,0,in_progress,alive
29,"113建字第0029號","本網站由承造人：久年營造股份有限公司 自行維護，即時更新相關數據","其他: sites.google.com",1,0,-,0,1,2025-12-01,2026-09-30,0,not_uploaded,alive
30,"112建字第0121號","建0121號安全觀測","短網址",169,0,-,0,0,,2026-09-30,0,not_uploaded,alive
31,"111建字第0342號","圜寬蒔嶼","Google Drive",82,0,-,0,0,,2026-09-30,0,not_uploaded,alive
32,"113建字第0027號","廣門建設永新四小段(社中街案)觀測資料夾","Google Drive",50,0,-,0,0,,2026-09-30,0,not_uploaded,alive
33,"114建字第0129號","佇慧監測資料","Google Drive",31,4,12%,0,0,,2026-09-30,0,in_progress,alive
34,"113建字第5688號","富金四平街","Google Drive",55,2,3%,0,0,,2026-09-30,0,in_progress,alive
35,"111建字第0140號","文昌217店鋪","Google Drive",276,212,76%,0,0,,2026-09-30,0,in_progress,alive
36,"112建字第0262號","安全監測系統分析","Google Drive",119,1,0%,0,0,,2026-09-30,0,in_progress,alive
37,"113建字第0130號","中正段()NO 4 - 簽證版","Google Drive",87,0,-,0,0,,2026-09-30,0,not_uploaded,alive
38,"112建字第0203號","世新大學教學大樓","Google Drive",45,0,-,0,0,,2026-09-30,0,not_uploaded,alive
39,"109建字第0069號","百齡水岸工地","其他: sites.google.com",152,0,-,0,0,,2026-09-30,0,completed_project,alive
40,"113建字第0191號","臺北市北投區桃源段四小段 159、164、164-1、165 等 4 筆地號","Google Drive",52,0,-,1,0,2026-03-02,2026-09-30,0,not_uploaded,alive
41,"111建字第0161號","驊訊建設","Google Drive",13,0,-,0,0,,2026-09-30,0,not_uploaded,alive
42,"113建字第0143號","大安區懷生段新建工程","Google Drive",58,2,3%,0,0,,2026-09-30,0,in_progress,alive
43,"114建字第0017號","台北市中山區長安段二小段580-1、581、582地號住宅","Google Drive",36,1,2%,0,0,,2026-09-30,0,in_progress,
44,"111建字第0272號","力方越集合住宅","Google Drive",217,4,1%,0,0,,2026-09-30,0,in_progress,alive
45,"112建字第0005號","台北橋","其他: sites.google.com",86,0,-,0,0,,2026-09-30,0,not_uploaded,alive
46,"110建字第0375號","高度陽明山華岡542","其他: sites.google.com",18,0,-,0,0,,2026-09-30,0,completed_project,alive
47,"111建字第0227號","第六十二次","Google Drive",68,1,1%,0,0,,2026-09-30,0,in_progress,alive
48,"111建字第0013號","永筑-民族西路危老重建","其他: sites.google.com",63,0,-,0,0,,2026-09-30,0,not_uploaded,alive
49,"113建字第0095號","敦北Vogue-安全","Google Drive",94,0,-,0,0,,2026-09-30,0,not_uploaded,alive
50,"114建字第0101號","鄉林北投案","Google Drive",65,2,3%,0,0,,2026-09-30,0,in_progress,alive
51,"113建字第0087號","滙源中山段","Google Drive",62,26,41%,1,0,2026-09-21,2026-09-30,0,in_progress,alive
52,"114建字第0032號","56","Google Drive",48,0,-,0,0,,2026-09-30,0,not_uploaded,alive
53,"110建字第0319號","大安區懷生段三小段集合住宅","其他: sites.google.com",21,0,-,0,0,,2026-09-30,0,completed_project,alive
54,"112建字第0125號","萬華區漢中段住商華廈","Google Drive",93,1,1%,0,0,,2026-09-30,0,in_progress,alive
55,"113建字第0038號","朋記建設政大段集合住宅新建工程安全觀測系統","Google Drive",93,3,3%,0,0,,2026-09-30,0,in_progress,alive
56,"111建字第0036號","長安馥總","其他: sites.google.com",50,0,-,0,0,,2026-09-30,0,not_uploaded,alive
57,"111建字第0321號","嘉泰營造工地監測數據_北投案","Google Drive",59,56,94%,0,0,,2026-09-30,0,in_progress,alive
58,"111建字第0160號","金藏士東路","Google Drive",31,2,6%,0,0,,2026-09-30,0,in_progress,alive
59,"111建字第0276號","連雲玥恒","Google Drive",142,134,94%,0,0,,2026-09-30,0,in_progress,alive
60,"112建字第0111號","萬華區漢中段住商華廈","Google Drive",170,0,-,0,0,,2026-09-30,0,not_uploaded,alive
61,"110建字第0295號","南京東路B案新建大樓","Google Drive",93,52,55%,0,0,,2026-09-30,0,in_progress,alive
62,"112建字第0082號","本網站由承造人： 昱嘉營造有限公司自行維護，即時更新相關數據","其他: sites.google.com",32,0,-,0,1,2025-12-01,2026-09-30,0,not_uploaded,alive
63,"110建字第0052號","台北市大同區龍雲寺重建工程","Google Drive",46,0,-,0,0,,2026-09-30,0,completed_project,alive
64,"113建字第0080號","欣暘溪柏林","Google Drive",66,0,-,0,0,,2026-09-30,0,not_uploaded,alive
65,"113建字第0171號","同興毅聯Win","Google Drive",29,0,-,0,0,,2026-09-30,0,not_uploaded,alive
66,"112建字第1688號","金朋敦北","Google Drive",100,82,82%,0,0,,2026-09-30,0,in_progress,alive
67,"111建字第0310號","奧斯卡建設內湖區舊宗段","短網址",10,0,-,0,0,,2026-09-30,0,not_uploaded,alive
68,"114建字第0091號","同興毅聯首馥","Google Drive",35,3,8%,0,0,,2026-09-30,0,in_progress,alive
69,"113建字第0136號","真實和光新建工程","Google Drive",58,2,3%,0,0,,2026-09-29,1,in_progress,alive
70,"113建字第0218號","建字0218號-工地基本資料","Google Drive",95,6,6%,0,0,,2026-09-29,1,in_progress,alive
71,"113建字第0140號","雲端監測數據庫","Google Drive",124,3,2%,0,0,,2026-09-29,1,in_progress,alive
72,"112建字第0163號","保強里哲","Google Drive",54,18,33%,0,0,,2026-09-29,1,in_progress,alive
73,"113建字第0158號","冠德建設台電南港(AR-1-2)都更開發案","Google Drive",105,3,2%,0,0,,2026-09-29,1,in_progress,alive
74,"113建字第0153號","璞真建設南港區南港段新建工程 (瓶蓋工廠","Google Drive",227,40,17%,2,0,2026-09-21,2026-09-29,1,in_progress,alive
75,"112建字第0191號","建照資料","Google Drive",81,6,7%,0,0,,2026-09-29,1,in_progress,alive
76,"112建字第0215號","璞全建設森仰大樓","Google Drive",138,1,0%,0,0,,2026-09-29,1,in_progress,alive
77,"111建字第0167號","安家秀新建工程","Google Drive",124,0,-,0,0,,2026-09-29,1,not_uploaded,alive
78,"113建字第0121號","中華電信濱江資料中心","Google Drive",129,44,34%,1,0,2026-09-21,2026-09-29,1,in_progress,alive
79,"114建字第0052號","財團法人中華經濟研究院興建院舍大樓統包","Google Drive",47,4,8%,0,0,,2026-09-29,1,in_progress,alive
80,"113建字第0159號","冠德建設台電南港(AR-1-2)都更開發案","Google Drive",105,3,2%,0,0,,2026-09-29,1,in_progress,alive
81,"112建字第0240號","吾雙","Google Drive",136,0,-,0,0,,2026-09-28,2,not_uploaded,alive
82,"112建字第8888號","M08 恆悅麗山","Google Drive",206,4,1%,0,0,,2026-09-28,2,in_progress,alive
83,"113建字第0045號","高福內湖","Google Drive",61,15,24%,0,0,,2026-09-28,2,in_progress,alive
84,"113建字第0026號","佳元開發民生東路當代美術館新建工程","Google Drive",116,7,6%,0,0,,2026-09-27,3,in_progress,alive
85,"113建字第0196號","金藏瑞閣","Google Drive",18,3,16%,0,0,,2026-09-27,3,in_progress,alive
86,"112建字第0040號","安全系統","Google Drive",115,8,6%,0,0,,2026-09-26,3,in_progress,alive
87,"112建字第0172號","冠洋","Google Drive",136,1,0%,0,0,,2026-09-26,3,in_progress,alive
88,"113建字第0031號","大中華建設泰順街","Google Drive",54,20,37%,0,0,,2026-09-26,3,in_progress,alive
89,"113建字第0208號","J-PARK B案","Google Drive",96,15,15%,0,0,,2026-09-25,5,in_progress,alive
90,"113建字第0248號","富德納骨塔設施","Google Drive",169,134,79%,0,0,,2026-09-25,5,in_progress,alive
91,"113建字第0212號","久年松芮","Google Drive",39,1,2%,0,0,,2026-09-25,5,in_progress,alive
92,"113建字第0030號","J-PARK A案","Google Drive",83,12,14%,0,0,,2026-09-25,5,in_progress,alive
93,"113建字第0188號","宏林TOP31-捷運報告","Google Drive",146,29,19%,0,0,,2026-09-25,5,in_progress,alive
94,"114建字第0064號","修德國小活動中心興建工程","Google Drive",2,0,-,0,0,,2026-09-24,6,not_uploaded,alive
95,"113建字第0093號","清誠 信義","Google Drive",78,1,1%,0,0,,2026-09-24,6,in_progress,alive
96,"114建字第0062號","地球營造-台北市內湖區康寧段集合住宅","Google Drive",10,59,100%,0,0,,2026-09-24,6,completed,alive
97,"113建字第0088號","樺輝沐畇鄰房鑑測站","Google Drive",84,0,-,0,0,,2026-09-24,6,not_uploaded,alive
98,"110建字第0150號","長見中山北路","Google Drive",86,56,65%,0,0,,2026-09-24,6,in_progress,alive
99,"110建字第0129號","關渡","Google Drive",104,1,0%,0,0,,2026-09-24,6,in_progress,alive
100,"113建字第0025號","兩廳院","Google Drive",160,0,-,0,1,2026-09-21,2026-09-24,6,not_uploaded,alive
101,"109建字第0001號","北城羅斯福 建照號碼:","Google Drive",92,3,3%,1,0,2026-09-14,2026-09-24,6,in_progress,alive
102,"112建字第0079號","建字0079","Google Drive",17,4,23%,0,0,,2026-09-24,6,in_progress,alive
103,"113建字第8899號","達永雅祥段吉祥如藝","Google Drive",64,27,42%,0,0,,2026-09-24,6,in_progress,alive
104,"113建字第8888號","富品建設松山區寶清段一小段582等10筆地住商大樓","Google Drive",42,13,30%,0,0,,2026-09-23,7,in_progress,alive
105,"112建字第0006號","逢昌營造","Google Drive",125,70,56%,0,0,,2026-09-23,7,in_progress,alive
106,"114建字第0028號","常殷大直金泰段新建工程","Google Drive",23,2,8%,0,0,,2026-09-23,7,in_progress,alive
107,"113建字第0048號","峰麗開發台北市文山區萬慶段三小段297地號","Google Drive",98,2,2%,0,1,2026-09-21,2026-09-22,8,in_progress,alive
108,"114建字第0158號","","Google Drive",6,1,16%,0,0,,2026-09-22,8,in_progress,alive
109,"113建字第0008號","長春段-捷運暨基地監測","Google Drive",95,55,57%,0,0,,2026-09-22,8,in_progress,alive
110,"111建字第0315號","嘉磐日光","Google Drive",104,20,19%,2,0,2026-09-14,2026-09-22,8,in_progress,alive
111,"112建字第0232號","新倫文山","Google Drive",3,2,66%,0,0,,2026-09-22,8,in_progress,alive
112,"110建字第0360號","國產建材實業A棟企業總部大樓","Google Drive",288,273,94%,1,0,2026-01-19,2026-09-22,8,in_progress,alive
113,"110建字第0221號","楊昇建設臺北市松山區西松段一小段74等地號都更住宅新建工程","Google Drive",153,16,10%,0,0,,2026-09-22,8,in_progress,alive
114,"112建字第0289號","合矩建設合矩青澄","Google Drive",71,16,22%,0,0,,2026-09-22,8,in_progress,alive
115,"113建字第0041號","恆合-錦西街","Google Drive",130,73,56%,0,0,,2026-09-22,8,in_progress,alive
116,"107建字第0091號","承德民生住宅A棟大樓-工地","Google Drive",93,60,64%,0,0,,2026-09-22,8,in_progress,alive
117,"113建字第0099號","文山區木柵段新建工程","Google Drive",94,38,40%,1,0,2026-01-13,2026-09-22,8,in_progress,alive
118,"110建字第0351號","萬鈞營造-廣朋峰源案","Google Drive",75,4,5%,0,0,,2026-09-22,8,in_progress,alive
119,"114建字第0170號","E-軟橋安全","Google Drive",23,4,17%,0,0,,2026-09-21,8,in_progress,alive
120,"113建字第0073號","國美瑞安0709監測案報表","Google Drive",84,1,1%,0,0,,2026-09-21,8,in_progress,alive
121,"113建字第0155號","山輝-延吉段","Google Drive",102,2,1%,0,0,,2026-09-21,9,in_progress,alive
122,"113建字第0049號","M07--安全觀測監測報表","Google Drive",62,4,6%,0,0,,2026-09-21,9,in_progress,alive
123,"111建字第1688號","","Google Drive",126,28,22%,0,0,,2026-09-21,9,in_progress,alive
124,"111建字第0252號","建照資料","Google Drive",87,2,2%,0,0,,2026-09-21,9,in_progress,alive
125,"112建字第0037號","家居安曼監測資料","Google Drive",52,1,1%,0,0,,2026-09-20,9,in_progress,alive
126,"112建字第0190號","台北市南港區玉成段一小段169地號新建工程（住宅區）","Google Drive",169,4,2%,2,0,2026-09-21,2026-09-20,10,in_progress,alive
127,"112建字第0292號","台北市信義區雅祥段四小段735地號等44筆土地都市更新會新建工程_安全觀測資料","Google Drive",16,2,12%,0,0,,2026-09-20,10,in_progress,alive
128,"113建字第0062號","台北市中山區民權東路二段22號","Google Drive",116,4,3%,0,1,2026-07-17,2026-09-18,12,in_progress,alive
129,"113建字第0175號","台北市臨沂段九層集合住宅新建工程監測","Google Drive",72,3,4%,0,0,,2026-09-18,12,in_progress,alive
130,"114建字第0198號","中河文山華興段","Google Drive",14,2,14%,0,0,,2026-09-18,12,in_progress,alive
131,"112建字第0059號","北側基地集合住宅新建工程工地","Google Drive",26,2,7%,0,0,,2026-09-17,13,in_progress,alive
132,"112建字第0268號","至善路案(璞真上善)安全觀測系統工程","Google Drive",91,4,4%,1,0,2026-09-01,2026-09-17,13,in_progress,alive
133,"112建字第0158號","懷德街47號","Google Drive",41,18,43%,0,0,,2026-09-17,13,in_progress,alive
134,"112建字第0031號","裕光東湖","Google Drive",116,13,11%,0,0,,2026-09-17,13,in_progress,alive
135,"112建字第0278號","北側基地集合住宅新建工程工地","Google Drive",26,12,46%,0,0,,2026-09-17,13,in_progress,alive
136,"110建字第0256號","亦安建基建設八德路三段集合住宅","Google Drive",63,31,49%,1,0,2026-09-14,2026-09-16,14,in_progress,alive
137,"112建字第0238號","璞真宇見新建工程","Google Drive",110,62,56%,0,0,,2026-09-16,14,in_progress,alive
138,"113建字第0098號","金藏奧斯卡","Google Drive",151,111,73%,0,0,,2026-09-16,14,in_progress,alive
139,"111建字第0317號","圓山富璟住宅新建工程","Google Drive",179,90,50%,0,1,2026-03-02,2026-09-16,14,in_progress,alive
140,"112建字第0245號","中山區長春段","Google Drive",71,0,-,1,0,2026-03-02,2026-09-16,14,not_uploaded,alive
141,"113建字第0007號","臺北市北投區桃源段四小段 159、164、164-1、165 等 4 筆地號","Google Drive",238,1,0%,1,0,2026-03-02,2026-09-16,14,in_progress,alive
142,"110建字第0215號","大湖山莊二十三巷二號","Google Drive",27,0,-,0,0,,2026-09-16,14,completed_project,alive
143,"112建字第0140號","博愛賦御","Google Drive",107,96,89%,0,0,,2026-09-15,15,in_progress,alive
144,"112建字第0085號","大安昕居","Google Drive",64,0,-,0,0,,2026-09-15,15,not_uploaded,alive
145,"111建字第0347號","國土大將","Google Drive",180,70,38%,0,0,,2026-09-14,16,in_progress,alive
146,"113建字第0187號","凌霄好室社會住宅新建統包","Google Drive",121,117,96%,0,1,2026-01-14,2026-09-14,16,in_progress,alive
147,"112建字第0008號","常殷大直金泰段新建工程","Google Drive",185,0,-,0,0,,2026-09-14,16,not_uploaded,alive
148,"113建字第0075號","萬堡南海段","Google Drive",51,0,-,0,0,,2026-09-14,16,not_uploaded,alive
149,"112建字第0269號","宗盛建設台北市士林區永新段二小段55等12筆地號集合住宅","Google Drive",93,41,44%,1,0,2026-01-19,2026-09-14,16,in_progress,alive
150,"112建字第0146號","天母鑲玉","Google Drive",92,8,8%,0,0,,2026-09-14,16,in_progress,alive
151,"112建字第0220號","大安區金華段298等地號","Google Drive",155,0,-,0,0,,2026-09-14,16,not_uploaded,alive
152,"113建字第0221號","北投軟橋段集合住宅","Google Drive",49,0,-,0,1,2026-01-13,2026-09-14,16,not_uploaded,alive
153,"111建字第0111號","信升昌-士林區蘭雅段489地號","Google Drive",94,89,94%,0,0,,2026-09-14,16,in_progress,alive
154,"113建字第0259號","遠百寶慶重建","Google Drive",17,8,47%,0,0,,2026-09-14,16,in_progress,alive
155,"114建字第0106號","No.19-緯創資通第二總部大樓新建工程(土建及裝修工程)安全觀測","Google Drive",35,0,-,0,0,,2026-09-14,16,not_uploaded,alive
156,"112建字第0207號","常殷大直金泰段新建工程","Google Drive",23,0,-,0,0,,2026-09-14,16,not_uploaded,alive
157,"111建字第0231號","富麗京旺文山萃","Google Drive",67,0,-,0,0,,2026-09-11,19,not_uploaded,alive
158,"113建字第0028號","文山安家湛安全監測","Google Drive",114,2,1%,0,0,,2026-09-11,19,in_progress,alive
159,"112建字第0250號","三總重症醫療大樓工程113年5月安全","ownCloud",140,0,-,0,0,,2026-09-11,19,not_uploaded,alive
160,"111建字第0093號","時詣建設城中段三小段新建工程","OneDrive",138,93,67%,0,0,,2026-09-11,19,in_progress,alive
161,"111建字第0068號","台北市大同區橋北段三小段581地號等十筆土地","Google Drive",88,101,100%,0,0,,2026-09-11,19,completed,alive
162,"109建字第0021號","恆合-龍泉段","Google Drive",123,0,-,0,0,,2026-09-11,19,completed_project,alive
163,"112建字第0273號","建成開發北投集合住宅","Google Drive",57,0,-,0,0,,2026-09-11,19,not_uploaded,alive
164,"111建字第0005號","達欣文萃","Google Drive",186,0,-,0,0,,2026-09-11,19,not_uploaded,alive
165,"111建字第0091號","維昌臨沂","Google Drive",78,68,87%,0,0,,2026-09-11,19,in_progress,404
166,"111建字第0292號","首鋼橋北段二小段","其他: sites.google.com",32,8,25%,0,0,,2026-09-11,19,in_progress,alive
167,"111建字第0312號","高福-芝玉路觀測","Google Drive",47,27,57%,0,0,,2026-09-11,19,in_progress,alive
168,"112建字第0216號","建案安全監測告示牌規劃標準","Google Drive",107,8,7%,0,0,,2026-09-11,19,in_progress,alive
169,"113建字第0091號","恆悅麗山","Google Drive",50,18,36%,0,0,,2026-09-11,19,in_progress,alive
170,"109建字第0246號","","Google Drive",146,4,2%,0,0,,2026-09-11,19,in_progress,alive
171,"112建字第0081號","禾碩建設文林路","Google Drive",38,0,-,0,0,,2026-09-11,19,not_uploaded,alive
172,"112建字第0100號","通化段四小段336地號","Google Drive",52,46,88%,0,0,,2026-09-11,19,in_progress,alive
173,"112建字第0178號","內湖區石潭段四小段","Google Drive",51,38,74%,0,1,2026-03-02,2026-09-11,19,in_progress,alive
174,"112建字第0218號","金源雲承","Google Drive",76,2,2%,0,0,,2026-09-11,19,in_progress,alive
175,"114建字第0178號","士林教會-安全","Google Drive",19,1,5%,0,0,,2026-09-11,19,in_progress,alive
176,"112建字第0133號","天母樺園新建工程","Google Drive",108,30,27%,0,0,,2026-09-11,19,in_progress,alive
177,"112建字第0078號","逢昌營造","Google Drive",59,58,98%,0,0,,2026-09-11,19,in_progress,alive
178,"110建字第0023號","博愛花苑安全監測系統","其他: s05.calm9.com",63,0,-,0,0,,2026-09-11,19,completed_project,alive
179,"113建字第0236號","森騰-桃源段","Google Drive",3,0,-,0,0,,2026-09-11,19,not_uploaded,alive
180,"112建字第0083號","夏沐時新建工程","Google Drive",80,77,96%,1,0,2026-03-02,2026-09-11,19,in_progress,alive
181,"112建字第0135號","大龍段","Google Drive",73,0,-,1,0,2026-01-14,2026-09-11,19,not_uploaded,alive
182,"114建字第0086號","聯美萃居工地","Google Drive",8,0,-,0,0,,2026-09-11,19,not_uploaded,alive
183,"112建字第0033號","仁愛醫護大樓","Google Drive",144,112,77%,0,0,,2026-09-11,19,in_progress,alive
184,"113建字第0147號","寶鉅南港","Google Drive",147,0,-,0,0,,2026-09-11,19,not_uploaded,alive
185,"112建字第0053號","將捷之琚","Google Drive",116,0,-,0,0,,2026-09-11,19,not_uploaded,alive
186,"111建字第0131號","29-115.1.","Google Drive",20,0,-,0,0,,2026-09-11,19,not_uploaded,alive
187,"112建字第0119號","","Google Drive",75,0,-,0,0,,2026-09-11,19,not_uploaded,alive
188,"114建字第0149號","旭日實驗教育機構大樓0429","Google Drive",1,0,-,0,0,,2026-09-11,19,not_uploaded,alive
189,"111建字第0143號","三星北醫","Google Drive",76,1,1%,0,0,,2026-09-11,19,in_progress,alive
190,"112建字第0277號","","Google Drive",86,0,-,0,0,,2026-09-11,19,not_uploaded,alive
191,"111建字第0277號","台北市信義區吳興街一小段510等地號住宅","Google Drive",204,0,-,0,0,,2026-09-11,19,not_uploaded,alive
192,"110建字第0126號","龍欣","Google Drive",69,0,-,0,0,,2026-09-11,19,completed_project,alive
193,"112建字第0173號","誠美知寓集合住宅新建工程案","Google Drive",66,0,-,0,0,,2026-09-11,19,not_uploaded,alive
194,"113建字第0061號","台大敏盛護理健康大樓捐贈案","Google Drive",53,8,15%,0,1,2025-12-08,2026-09-11,19,in_progress,alive
195,"112建字第0283號","資訊服務大樓","Google Drive",109,0,-,0,0,,2026-09-11,19,not_uploaded,alive
196,"112建字第0219號","鼎真觀測數據","Google Drive",41,39,95%,0,0,,2026-09-11,19,in_progress,alive
197,"113建字第0066號","克強運動館","Google Drive",101,0,-,0,0,,2026-09-11,19,not_uploaded,alive
198,"112建字第0107號","吉宗-新生北","Google Drive",2,1,50%,0,0,,2026-09-11,19,in_progress,alive
199,"113建字第0186號","大湖山莊二十三巷二號","Google Drive",18,10,55%,0,0,,2026-09-11,19,in_progress,alive
200,"114建字第0041號","","Google Drive",18,0,-,0,0,,2026-09-11,19,not_uploaded,alive
201,"112建字第0208號","","Google Drive",61,0,-,0,0,,2026-09-11,19,not_uploaded,alive
202,"114建字第0077號","借用道路執照函文","Google Drive",2,1,50%,0,0,,2026-09-11,19,in_progress,alive
203,"111建字第0212號","宏普陽明","Google Drive",64,0,-,0,0,,2026-09-11,19,not_uploaded,alive
204,"111建字第0298號","","Google Drive",23,0,-,0,0,,2026-09-11,19,not_uploaded,alive
205,"113建字第0182號","長見振家雙城街","Google Drive",40,23,57%,0,0,,2026-09-11,19,in_progress,alive
206,"112建字第0156號","允升營造-北投區致遠一路二段112巷集合住宅","Google Drive",75,64,85%,0,1,2026-07-17,2026-09-11,19,in_progress,alive
207,"112建字第0117號","國泰承真新建工程","Google Drive",220,13,5%,0,0,,2026-09-11,19,in_progress,alive
208,"111建字第0136號","金源南昌","Google Drive",109,1,0%,0,0,,2026-09-11,19,in_progress,alive
209,"114建字第0022號","AR1 軟橋段(20F/B5)住宅新建工程","Google Drive",82,64,78%,0,1,2025-02-28,2026-09-11,19,in_progress,alive
210,"114建字第0049號","長虹建設-台北市內湖區西湖段四小段220-1、220-2、236-1地號","Google Drive",23,12,52%,0,0,,2026-09-11,19,in_progress,alive
211,"111建字第0122號","中鹿營造-豐裕興業天母段集合住宅","Google Drive",346,5,1%,1,0,2026-06-10,2026-09-11,19,in_progress,alive
212,"111建字第0142號","寶鉅-雅祥段113.","Google Drive",94,42,44%,0,0,,2026-09-11,19,in_progress,alive
213,"112建字第0138號","鄉林中山賦工地檢測報告","Google Drive",96,90,93%,0,0,,2026-09-11,19,in_progress,alive
214,"112建字第0096號","品嘉建設內湖新明路","Google Drive",57,1,1%,0,0,,2026-09-11,19,in_progress,alive
215,"111建字第0345號","中山晶綻","Google Drive",64,0,-,0,0,,2026-09-11,19,not_uploaded,alive
216,"112建字第0179號","台北市信義區吳興街一小段510等地號住宅","Google Drive",3,0,-,0,0,,2026-09-11,19,not_uploaded,alive
217,"112建字第0087號","北士科服務中心監測日報","Google Drive",336,324,96%,0,0,,2026-09-11,19,in_progress,alive
218,"112建字第0222號","中山改建暨大安至中山161kV線潛盾洞道新建統包工程中山DS及電纜涵洞監測日報","Google Drive",81,204,100%,0,0,,2026-09-11,19,completed,alive
219,"111建字第0027號","寶國建經大龍街工地","其他: s05.calm9.com",70,0,-,0,0,,2026-09-11,19,not_uploaded,alive
220,"111建字第0191號","中瑋建設向陽段19-2等地號集合住宅","Google Drive",81,0,-,1,0,2026-01-19,2026-09-11,19,not_uploaded,alive
221,"113建字第0056號","中鹿營造-豐裕興業天母段集合住宅","Google Drive",30,47,100%,1,0,2026-06-10,2026-09-11,19,completed,alive
222,"111建字第0053號","大安綠映","Google Drive",108,79,73%,0,0,,2026-09-11,19,in_progress,alive
223,"112建字第0209號","西園路總結","Google Drive",38,1,2%,0,0,,2026-09-11,19,in_progress,alive
224,"112建字第0056號","利晉緯成-安全監測系統量測","Google Drive",357,357,100%,0,0,,2026-09-11,19,completed,alive
225,"110建字第0210號","台北首都都更建設蘭雅段南側基地集合住宅","Google Drive",34,24,70%,1,0,2026-09-23,2026-09-11,19,in_progress,alive
226,"109建字第0027號","台肥南港C4辦公大樓新建工程-專案","Google Drive",96,61,63%,0,0,,2026-09-09,21,in_progress,alive
227,"110建字第0200號","114林建字第00288號工地監測報告","Google Drive",1,1,100%,0,0,,2026-09-09,21,completed,alive
228,"111建字第0348號","內湖康寧路","Google Drive",56,51,91%,0,0,,2026-09-08,22,in_progress,alive
229,"111建字第0082號","新光南東大樓","Google Drive",188,41,21%,0,0,,2026-09-04,26,in_progress,alive
230,"112建字第0097號","No29","Google Drive",147,29,19%,0,0,,2026-09-03,27,in_progress,alive
231,"111建字第0120號","東匯工地","Google Drive",62,54,87%,0,0,,2026-09-02,28,in_progress,alive
232,"110建字第0167號","忠孝勤靜大樓","Google Drive",186,157,84%,0,0,,2026-09-02,28,in_progress,alive
233,"110建字第0176號","六福豐融商業大樓","Google Drive",148,148,100%,1,0,2026-09-01,2026-09-01,28,completed,alive
234,"110建字第0243號","璞真之道新建大樓日報","Google Drive",199,199,100%,1,0,2025-12-23,2026-09-01,29,completed,alive
235,"111建字第0246號","建案安全監測告示牌規劃標準","Google Drive",99,0,-,0,0,,2026-08-27,34,not_uploaded,alive
236,"113建字第0120號","台北市士林區蘭雅段新","Google Drive",34,36,100%,1,0,2026-09-01,2026-08-19,42,completed,alive
237,"111建字第0117號","臺灣戲曲學院_內湖校區「劇藝教學大樓新建工程」車道區基地觀測系統","Google Drive",296,269,90%,0,0,,2026-08-13,48,in_progress,alive
238,"111建字第0245號","國產建材實業B棟商業辦公大樓","Google Drive",92,92,100%,0,0,,2026-08-13,48,completed,alive
239,"110建字第0163號","0163 安全","Google Drive",78,1,1%,0,0,,2026-08-01,60,in_progress,alive
240,"111建字第0095號","樸園璞開石","Google Drive",96,7,7%,0,0,,2026-07-31,61,in_progress,alive
241,"112建字第0252號","建字0252號_整體進度","Google Drive",82,2,2%,0,0,,2026-07-30,62,in_progress,alive
242,"111建字第0257號","台北市中山區民權東路二段22號新建工程-毗鄰捷運設施安全監測系統","Google Drive",36,29,80%,0,1,2026-07-17,2026-07-29,62,in_progress,alive
243,"111建字第0258號","第一果菜市場","Google Drive",1405,1383,98%,0,0,,2026-07-29,62,in_progress,alive
244,"112建字第0123號","全球人壽新總部大樓新建工程","Google Drive",204,201,98%,0,0,,2026-07-29,62,in_progress,alive
245,"112建字第0118號","全球人壽新總部大樓新建工程","Google Drive",204,201,98%,0,0,,2026-07-29,62,in_progress,alive
246,"109建字第0250號","台北市松山區寶清段 478~480 482 483 地號等五筆安全監測系統觀測結果報告","Google Drive",21,144,100%,0,0,,2026-07-29,62,completed,alive
247,"110建字第0315號","信義區永吉段152等4筆地號工地","Google Drive",86,79,91%,0,0,,2026-07-28,64,in_progress,alive
248,"110建字第0196號","台北市大同區雙連三小段號新建工程","Google Drive",144,5,3%,0,0,,2026-07-23,69,in_progress,alive
249,"104建字第0225號","博物館3期新建工程","Google Drive",171,0,-,0,1,2026-07-29,2026-07-17,75,completed_project,alive
250,"111建字第0158號","根基營造萬華區直興段","Google Drive",44,0,-,0,0,,2026-07-07,85,not_uploaded,alive
251,"110建字第0035號","建案安全監測告示牌規劃標準","Google Drive",75,0,-,0,0,,2026-06-17,105,completed_project,alive
252,"112建字第0080號","天母段三小段39、40等二筆地號","Google Drive",50,49,98%,1,0,2026-06-10,2026-06-10,112,in_progress,alive
253,"110建字第0273號","萬鈞士林陽明段","Google Drive",91,0,-,0,0,,2026-05-25,128,completed_project,alive
254,"111建字第0129號","隆雲心仝聚安全監測報告","Google Drive",105,4,3%,0,1,2026-07-28,2026-05-25,128,in_progress,alive
255,"112建字第0177號","台北市大同區雙連段三小段99等22筆地號新建工程","Google Drive",95,85,89%,0,1,2026-02-12,2026-05-25,128,in_progress,alive
256,"112建字第0276號","廣鐿德惠段","Google Drive",40,38,95%,0,0,,2026-05-15,138,in_progress,alive
257,"111建字第0006號","建字0006工地號","Google Drive",31,4,12%,0,0,,2026-05-05,148,in_progress,alive
258,"111建字第0318號","宸泓建設中山區吉林段一小段290,291,292,281地號等4筆土地集合住宅新建工程","Google Drive",62,4,6%,0,0,,2026-05-05,148,in_progress,alive
259,"111建字第0060號","嘉鎷","Google Drive",26,0,-,0,0,,2026-04-02,181,not_uploaded,alive
260,"112建字第0051號","","Google Drive",31,1,3%,0,0,,2026-04-02,181,in_progress,alive
261,"110建字第0287號","大同安全監測系統","Google Drive",113,0,-,0,0,,2026-04-02,181,completed_project,alive
262,"110建字第0279號","開誠和境內湖康寧段一小段0276-0000號等4筆","Google Drive",26,25,96%,0,1,2026-01-12,2026-04-02,181,in_progress,alive
263,"112建字第0189號","城甲士林","Google Drive",33,24,72%,0,0,,2026-04-02,181,in_progress,alive
264,"110建字第0112號","華固學府","Google Drive",119,0,-,0,0,,2026-04-02,181,completed_project,alive
265,"109建字第0122號","國家軍事博物館新建工程","Google Drive",329,0,-,0,0,,2026-04-01,181,completed_project,alive
266,"109建字第0192號","監測數據","Google Drive",39,74,100%,0,0,,2026-03-02,211,completed,alive
267,"108建字第0131號","內湖區石潭段四小段","Google Drive",42,38,90%,0,1,2026-03-02,2026-03-02,211,in_progress,alive
268,"111建字第0282號","內湖區石潭段四小段","Google Drive",31,38,100%,0,1,2026-03-02,2026-03-02,211,completed,404
269,"111建字第0061號","隆雲文德-安全監測系統分系報告書","Google Drive",41,100,100%,0,0,,2026-03-02,211,completed,alive
270,"111建字第0208號","開揚-大安區金華段","Google Drive",168,159,94%,0,0,,2026-03-02,211,in_progress,alive
271,"110建字第0125號","台北市北投區新民段二小段468地號住宅新建工程","Google Drive",33,169,100%,1,0,2026-03-02,2026-03-02,211,completed,alive
272,"111建字第0097號","璞園喆里東","Google Drive",85,4,4%,1,0,2026-03-02,2026-03-02,211,in_progress,alive
273,"106建字第0215號","承德民生住宅B棟大樓-工地","Google Drive",231,0,-,0,0,,2026-03-02,212,completed_project,alive
274,"111建字第0065號","元大人壽松江大樓新建工程(南基地)","Google Drive",43,0,-,0,0,,2026-03-02,212,not_uploaded,alive
275,"110建字第0241號","開挖範圍圖","Google Drive",2,0,-,0,0,,2026-03-02,212,completed_project,alive
276,"110建字第0089號","大安謙韵工地","Google Drive",36,0,-,0,0,,2026-03-02,212,completed_project,alive
277,"107建字第0232號","","Google Drive",18,0,-,0,0,,2026-03-02,212,completed_project,alive
278,"108建字第0122號","舞青案新建工程","Google Drive",88,0,-,0,0,,2026-03-02,212,completed_project,alive
279,"111建字第0002號","","Google Drive",5,0,-,0,0,,2026-03-02,212,not_uploaded,alive
280,"110建字第0185號","新東陽開封街","Google Drive",7,0,-,0,0,,2026-03-02,212,completed_project,alive
281,"111建字第0015號","文林中正安全監測總結","Google Drive",78,0,-,0,0,,2026-03-02,212,not_uploaded,alive
282,"110建字第0342號","大同區大龍段危老改建","Google Drive",3,0,-,1,0,2026-01-14,2026-03-02,212,completed_project,alive
283,"110建字第0223號","翊豐-璞永建設天母段","Google Drive",94,0,-,1,0,2026-06-10,2026-03-02,212,completed_project,alive
284,"112建字第0068號","南港玉成","Google Drive",41,0,-,0,0,,2026-03-02,212,not_uploaded,alive
285,"110建字第0277號","第一層支撐","Google Drive",9,0,-,0,0,,2026-03-02,212,completed_project,alive
286,"107建字第0245號","欣建-大湖段二小段","Google Drive",71,0,-,0,0,,2026-03-02,212,completed_project,alive
287,"110建字第0249號","悅己誠群","Google Drive",31,0,-,0,0,,2026-03-02,212,completed_project,alive
288,"110建字第0245號","全陽馥工地監測報告","Google Drive",73,0,-,0,0,,2026-03-02,212,completed_project,alive
289,"109建字第0159號","名鋒保安街","Google Drive",65,0,-,0,0,,2026-03-02,212,completed_project,404
290,"109建字第0048號","","Google Drive",86,0,-,0,0,,2026-03-02,212,completed_project,alive
291,"111建字第0182號","康home案安全","Google Drive",54,0,-,0,0,,2026-03-02,212,not_uploaded,alive
292,"109建字第0233號","璞真合和案住宅大樓新建工程","Google Drive",84,0,-,0,0,,2026-03-02,212,completed_project,alive
293,"110建字第0301號","臺北市信義區松信社會住宅","Google Drive",20,0,-,0,0,,2026-03-02,212,completed_project,alive
294,"110建字第0100號","冠德建設台電南港(AR-1-2)都更開發案","Google Drive",36,0,-,0,0,,2026-03-02,212,completed_project,alive
295,"109建字第0240號","","Google Drive",28,0,-,0,0,,2026-03-02,212,completed_project,alive
296,"111建字第0147號","長安東路","Google Drive",33,0,-,0,0,,2026-03-02,212,not_uploaded,alive
297,"108建字第0192號","時詣建設城中段三小段新建工程","Google Drive",93,89,95%,0,0,,2026-02-12,229,in_progress,alive
298,"111建字第0137號","M08 恆悅麗山","Google Drive",181,0,-,0,0,,2026-02-11,230,not_uploaded,alive
299,"112建字第0055號","新建工程114.2.11","Google Drive",39,38,97%,0,0,,2026-02-11,230,in_progress,alive
300,"112建字第0057號","114","Google Drive",14,0,-,0,0,,2026-02-11,231,not_uploaded,alive
301,"113建字第0051號","安全支撐平面剖面觀測圖","Google Drive",12,1,8%,0,0,,2026-02-11,231,in_progress,404
302,"112建字第0105號","","Google Drive",4,3,75%,0,0,,2026-02-11,231,in_progress,alive
303,"111建字第0300號","鄰台鐵高鐵設施","Google Drive",62,0,-,0,0,,2026-02-11,231,not_uploaded,alive
304,"112建字第0071號","北投新民段集合住宅","Google Drive",9,8,88%,0,0,,2026-02-11,231,in_progress,alive
305,"112建字第0108號","士科大院.工地","Google Drive",112,111,99%,0,0,,2026-02-11,231,in_progress,alive
306,"111建字第0308號","鄰台鐵高鐵設施","Google Drive",62,3,4%,0,0,,2026-02-02,239,in_progress,alive
307,"111建字第0026號","新總陽建設北投區大業段四小段574地號商辦大樓","Google Drive",75,195,100%,1,0,2026-01-20,2026-01-20,253,completed,alive
308,"111建字第0307號","新總陽建設北投區大業段四小段574地號商辦大樓","Google Drive",195,195,100%,1,0,2026-01-20,2026-01-20,253,completed,alive
309,"109建字第0089號","東禧建設嘉興街住宅新建工程-專案","Google Drive",113,113,100%,0,0,,2026-01-19,253,completed,alive
310,"111建字第0207號","基地安全觀測","Google Drive",106,98,92%,0,0,,2026-01-19,253,in_progress,alive
311,"110建字第0117號","北市_高田誠美知寓遼寧街工地","Google Drive",77,77,100%,0,0,,2026-01-19,253,completed,alive
312,"112建字第0027號","12-力寶榮星工地","Google Drive",67,65,97%,0,0,,2026-01-19,253,in_progress,alive
313,"112建字第0257號","禾進誼德","Google Drive",52,50,96%,0,0,,2026-01-19,253,in_progress,alive
314,"110建字第0230號","信升昌-中山區中山段三小段32地號","Google Drive",121,121,100%,1,0,2026-09-21,2026-01-19,253,completed,alive
315,"110建字第0376號","新光杭北觀測","Google Drive",29,21,72%,0,0,,2026-01-15,257,in_progress,alive
316,"110建字第0367號","嘉泰營造工地監測數據_天母案","Google Drive",28,28,100%,0,0,,2026-01-15,257,completed,alive
317,"112建字第0049號","昇陽士東案新建工程；璞鈺建設士林區三玉段","Google Drive",28,23,82%,0,0,,2026-01-15,257,in_progress,alive
318,"111建字第0051號","A5010_電梯詳圖","Google Drive",27,1,3%,0,0,,2026-01-15,258,in_progress,404
319,"111建字第0039號","年03月民生","Google Drive",25,3,12%,0,0,,2026-01-15,258,in_progress,alive
320,"110建字第0362號","金華街案","Google Drive",23,23,100%,0,0,,2026-01-15,258,completed,alive
321,"109建字第0300號","台大447_教職員宿舍新建工程","Google Drive",37,37,100%,0,0,,2026-01-15,258,completed,alive
322,"114建字第0059號","成功市場改建","Google Drive",47,10,21%,0,0,,2026-01-15,258,in_progress,
323,"110建字第0177號","吉宗安東倪辛亥段","Google Drive",21,21,100%,0,0,,2026-01-15,258,completed,alive
324,"110建字第0357號","順緯石牌案","Google Drive",21,21,100%,0,0,,2026-01-15,258,completed,alive
325,"112建字第0249號","永碁中山北路","Google Drive",19,19,100%,0,0,,2026-01-15,258,completed,alive
326,"111建字第0262號","品嘉四維","Google Drive",19,19,100%,0,0,,2026-01-15,258,completed,404
327,"110建字第0041號","臺北市萬華區莒光段二小段基地工地","Google Drive",16,16,100%,1,0,2026-01-14,2026-01-15,258,completed,alive
328,"110建字第0190號","190工地","Google Drive",11,11,100%,0,0,,2026-01-15,258,completed,alive
329,"110建字第0017號","中山北路案","Google Drive",10,6,60%,0,0,,2026-01-15,258,in_progress,alive
330,"107建字第0167號","鴻輝建設-台北市北投區崇仰段一小段131地號等住宅","Google Drive",8,8,100%,1,0,2026-03-02,2026-01-15,258,completed,alive
331,"112建字第0013號","佶鴻建設南港玉成段案集合住宅","Google Drive",0,7,-,2,0,2026-09-21,2026-01-15,258,no_reports,alive
332,"105建字第0172號","石牌市場","Google Drive",7,7,100%,0,0,,2026-01-15,258,completed,alive
333,"111建字第0116號","~禾進-吉美合江街","Google Drive",7,7,100%,0,0,,2026-01-15,258,completed,alive
334,"112建字第0169號","松旭-中山區量測報表","Google Drive",7,6,85%,0,0,,2026-01-15,258,in_progress,alive
335,"109建字第0255號","","Google Drive",6,6,100%,0,0,,2026-01-15,258,completed,
336,"110建字第0272號","樹盛大安","Google Drive",4,3,75%,0,0,,2026-01-15,258,in_progress,alive
337,"110建字第0371號","福清1002-1008","Google Drive",4,1,25%,0,0,,2026-01-15,258,in_progress,404
338,"110建字第0093號","久年幕舍0913報告","Google Drive",4,4,100%,0,0,,2026-01-15,258,completed,alive
339,"111建字第0086號","台北市士林區華岡段","Google Drive",3,2,66%,0,0,,2026-01-15,258,in_progress,alive
340,"109建字第0226號","臺北市涉及連續壁施作及地下室開挖之建築工程（通案規範）","Google Drive",3,3,100%,0,0,,2026-01-15,258,completed,alive
341,"111建字第0306號","平菁街監測報表","Google Drive",2,2,100%,0,0,,2026-01-15,258,completed,alive
342,"110建字第0226號","南京西路住商大樓新建工程","Google Drive",167,2,1%,0,0,,2026-01-15,258,in_progress,alive
343,"110建字第0291號","大龍段二小段集合住宅","Google Drive",2,1,50%,1,0,2026-01-14,2026-01-15,258,in_progress,alive
344,"106建字第0042號","年監測總結報告電子檔","Google Drive",164,1,0%,0,0,,2026-01-15,258,in_progress,alive
345,"111建字第0132號","福德路18號旅館觀測平面圖","Google Drive",63,1,1%,0,0,,2026-01-15,258,in_progress,alive
346,"111建字第0133號","品嘉民權基地","Google Drive",1,1,100%,0,0,,2026-01-15,258,completed,404
347,"109建字第0267號","吉美君悦","Google Drive",1,1,100%,0,0,,2026-01-15,258,completed,alive
348,"111建字第0016號","文林北路安全監測總結","Google Drive",109,1,0%,0,0,,2026-01-15,258,in_progress,alive
349,"109建字第0292號","璞園樸園案 安全觀測工地監測數值","Google Drive",42,42,100%,0,0,,2026-01-14,258,completed,alive
350,"108建字第0106號","","Google Drive",291,291,100%,0,0,,2026-01-14,258,completed,
351,"110建字第0016號","聖得福躍大直-基地監測日報","Google Drive",100,198,100%,0,0,,2026-01-14,258,completed,alive
352,"111建字第5688號","世久松湖量測報表","Google Drive",117,67,57%,0,0,,2026-01-14,258,in_progress,404
353,"110建字第0225號","愛國西路工地","Google Drive",75,75,100%,0,0,,2026-01-14,258,completed,alive
354,"109建字第0016號","褚敏雄新建工程工地","Google Drive",54,50,92%,0,0,,2026-01-14,258,in_progress,alive
355,"112建字第0187號","福林案量測報表","Google Drive",51,51,100%,0,0,,2026-01-14,258,completed,alive
356,"110建字第0076號","台大590_教職員宿舍新建工程","Google Drive",42,42,100%,0,0,,2026-01-14,258,completed,alive
357,"106建字第0111號","桓億龍泉工地","Google Drive",99,99,100%,0,0,,2026-01-14,258,completed,alive
358,"111建字第0243號","泛亞-松山空勤工程","Google Drive",20,20,100%,0,0,,2026-01-14,258,completed,alive
359,"108建字第0212號","樂業街案111.","Google Drive",12,12,100%,0,0,,2026-01-14,258,completed,alive
360,"110建字第0173號","建字0173號工地","Google Drive",4,4,100%,0,0,,2026-01-14,258,completed,alive
361,"111建字第0183號","安全鑑測","Google Drive",2,2,100%,0,0,,2026-01-14,258,completed,alive
362,"111建字第0047號","集順生僑安案","Google Drive",53,1,1%,0,0,,2026-01-14,258,in_progress,alive
363,"111建字第0080號","職能發展學院工地","Google Drive",394,394,100%,0,0,,2026-01-14,258,completed,alive
364,"111建字第0092號","八德采邑大樓新建工程","Google Drive",53,53,100%,0,0,,2026-01-14,258,completed,alive
365,"110建字第0172號","達永豐盛學","Google Drive",46,46,100%,0,0,,2026-01-14,258,completed,alive
366,"110建字第0329號","金藏家居","Google Drive",46,46,100%,0,0,,2026-01-14,258,completed,alive
367,"110建字第0222號","北市_112.05.25-日安吉林","Google Drive",39,39,100%,1,0,2026-01-13,2026-01-13,259,completed,alive
368,"111建字第0186號","和風悅工地","Google Drive",38,38,100%,0,0,,2026-01-13,259,completed,alive
369,"110建字第0053號","士林開發城心曜曜","Google Drive",123,122,99%,0,0,,2026-01-13,259,in_progress,alive
370,"110建字第0377號","福生堂報告書_01","Google Drive",48,10,20%,0,0,,2026-01-13,259,in_progress,alive
371,"111建字第0112號","","Google Drive",16,16,100%,0,0,,2026-01-13,259,completed,alive
372,"112建字第0243號","新潤建設北投區軟橋段66.67.68等地號集合住宅新建工程","Google Drive",40,1,2%,1,0,2026-01-19,2026-01-13,259,in_progress,404
373,"111建字第0232號","寶信營造軟橋段","Google Drive",12,12,100%,0,0,,2026-01-13,259,completed,404
374,"111建字第0130號","第一果菜(含堤內中繼)及萬大魚類批發市場改建統包工程 - 聯外交通高架匝道新建工程安全監測報告","Google Drive",24,1,4%,0,0,,2026-01-13,259,in_progress,alive
375,"111建字第0098號","同助營造-蓮園心邑","Google Drive",5,5,100%,1,0,2026-01-13,2026-01-13,259,completed,alive
376,"110建字第0103號","41康寶建設日出印象住宅新建工程","Google Drive",31,31,100%,0,0,,2026-01-13,259,completed,alive
377,"110建字第0086號","筑丰興業","Google Drive",137,137,100%,0,0,,2026-01-13,259,completed,404
378,"110建字第0072號","忠孝東路113","Google Drive",38,38,100%,0,0,,2026-01-13,259,completed,alive
379,"110建字第0062號","英雄廈門街","Google Drive",55,55,100%,0,0,,2026-01-13,259,completed,alive
380,"110建字第0051號","潤泰松江","Google Drive",32,31,96%,0,0,,2026-01-13,259,in_progress,alive
381,"108建字第0211號","豪豐營造慶山北投案工地","Google Drive",46,46,100%,0,0,,2026-01-13,259,completed,alive
382,"108建字第0009號","富瑄108-0009-光復南路","Google Drive",13,13,100%,0,0,,2026-01-13,259,completed,alive
383,"108建字第0111號","宏築信義","Google Drive",11,11,100%,0,0,,2026-01-12,260,completed,404
384,"111建字第0286號","金盟營造-工地監測數據(該資料庫由承造人金盟營造自行維護並即時更新數據","Google Drive",70,1,1%,0,0,,2025-12-23,281,in_progress,alive
385,"110建字第0285號","常殷大直金泰段新建工程","Google Drive",45,0,-,0,0,,2025-12-15,289,completed_project,alive
386,"109建字第0285號","松山","Google Drive",113,0,-,0,0,,2025-12-15,289,completed_project,alive
387,"112建字第0062號","萬薪-伊邸集合住宅","Google Drive",53,53,100%,0,0,,2025-12-09,294,completed,alive
388,"112建字第0165號","基泰大直新建工程","Google Drive",19,2,10%,0,0,,2025-12-09,294,in_progress,alive
389,"110建字第0147號","台北市內湖區康寧段集合住宅","Google Drive",57,0,-,0,0,,2025-12-09,295,completed_project,alive
390,"110建字第0359號","新碩大砌工地","Google Drive",27,0,-,0,1,2026-01-13,2025-12-09,295,completed_project,alive
391,"110建字第0175號","中山北路六段三玉段危老重","Google Drive",4,0,-,0,0,,2025-12-09,295,completed_project,alive
392,"112建字第0052號","台北市復興段危老案住宅新建工程","Google Drive",49,0,-,0,0,,2025-12-09,295,not_uploaded,alive
393,"110建字第0262號","","MEGA",0,42,-,0,0,,2025-12-08,295,no_reports,
394,"111建字第0188號","","Google Drive",256,0,-,0,0,,2025-12-05,299,not_uploaded,404
395,"110建字第0341號","松信社會住宅","Google Drive",151,2,1%,0,0,,2025-12-01,302,in_progress,alive
396,"111建字第0181號","簡美-中山區","Google Drive",99,10,10%,0,0,,2025-12-01,302,in_progress,alive
397,"111建字第0242號","南港轉運站","Google Drive",138,7,5%,0,0,,2025-12-01,302,in_progress,alive
398,"110建字第0116號","峰禾建設萬華區雙園段三小段","Google Drive",40,0,-,1,0,2026-01-14,2025-11-24,309,completed_project,404
399,"109建字第0269號","北投區三合段新建工程監測案","Google Drive",36,0,-,0,0,,2025-11-24,310,completed_project,alive
400,"112建字第0030號","台北市萬華區青年段一小段196.197及200地號店鋪集合住宅","Google Drive",43,0,-,1,0,2026-03-02,2025-11-24,310,not_uploaded,alive
401,"110建字第0282號","中正區南海段四小段374等7筆地號","Google Drive",98,0,-,0,0,,2025-11-24,310,completed_project,alive
402,"111建字第0062號","大昕建設天山段住宅新建工程","Google Drive",68,0,-,0,0,,2025-11-24,310,not_uploaded,alive
403,"110建字第0055號","敦南霖園工地監測數據","Google Drive",76,0,-,0,0,,2025-11-24,310,completed_project,alive
404,"109建字第0185號","藏美寓","Google Drive",71,0,-,0,0,,2025-11-24,310,completed_project,alive
405,"111建字第0329號","振家實業大同區平陽街傳承大樓","Google Drive",86,0,-,0,0,,2025-11-24,310,not_uploaded,alive
406,"102建字第0325號","松智路案","Google Drive",53,0,-,0,0,,2025-11-24,310,completed_project,alive
407,"112建字第0235號","士林區福順段一小段集合住宅新建工程","Google Drive",19,0,-,0,0,,2025-11-14,320,not_uploaded,404
408,"112建字第0002號","大安區懷生段三小段集合住宅","Google Drive",34,0,-,0,0,,2025-11-14,320,not_uploaded,alive
409,"110建字第0263號","昇陽建設德行東路案","Google Drive",52,0,-,1,0,2026-01-14,2025-11-14,320,completed_project,alive
410,"112建字第0018號","北投奇岩段新建工程","Google Drive",82,0,-,0,1,2025-12-01,2025-10-27,338,not_uploaded,alive
411,"112建字第0116號","","Google Drive",43,0,-,0,0,,2025-10-20,345,not_uploaded,alive
412,"111建字第0333號","大昕建設","Google Drive",109,0,-,0,0,,2025-10-13,352,not_uploaded,alive
413,"111建字第0256號","111-0256號呈居天母上城新建工程","Google Drive",45,0,-,0,0,,2025-10-13,352,not_uploaded,alive
414,"110建字第0139號","華熊敦仰","Google Drive",157,0,-,0,0,,2025-10-06,359,completed_project,alive
415,"111建字第0237號","華南萬華區華江段拾參層集合住宅","Google Drive",23,0,-,0,1,2025-12-01,2025-10-01,364,not_uploaded,alive
416,"111建字第0228號","","Google Drive",3,0,-,0,0,,2025-10-01,364,not_uploaded,alive
417,"112建字第0098號","1169 建國工程-臺北大學建國校區新建工程","Google Drive",125,0,-,0,0,,2025-10-01,364,not_uploaded,alive
418,"111建字第0220號","常殷大直金泰段新建工程","Google Drive",6,0,-,0,0,,2025-10-01,364,not_uploaded,404
419,"111建字第0056號","士林宏築","Google Drive",63,0,-,0,0,,2025-10-01,364,not_uploaded,alive
420,"112建字第0092號","財盛光復北美仁段總結","Google Drive",63,0,-,0,1,2026-01-12,2025-10-01,364,not_uploaded,alive
421,"111建字第0052號","臺北市信義區松信社會住宅","Google Drive",60,0,-,0,0,,2025-10-01,364,not_uploaded,alive
422,"111建字第0190號","長虹虹創科技工地監測數據","Google Drive",26,0,-,0,0,,2025-10-01,364,not_uploaded,alive
423,"111建字第0185號","建字0185號上文林案","Google Drive",72,0,-,0,0,,2025-10-01,364,not_uploaded,alive
424,"111建字第0033號","","Google Drive",86,0,-,0,0,,2025-10-01,364,not_uploaded,alive
425,"110建字第0118號","","Google Drive",59,0,-,0,0,,2025-10-01,364,completed_project,alive
426,"111建字第0175號","地藏悲願基金會文林北路大樓新建工程監測案","Google Drive",87,0,-,0,0,,2025-10-01,364,not_uploaded,alive
427,"110建字第0110號","","Google Drive",127,0,-,0,0,,2025-10-01,364,completed_project,alive
428,"111建字第0021號","和平高中","Google Drive",114,0,-,0,0,,2025-10-01,364,not_uploaded,alive
429,"110建字第0108號","0707德昌街","Google Drive",40,0,-,0,0,,2025-10-01,364,completed_project,alive
430,"111建字第0166號","炎洲晴集合住宅新建工程","Google Drive",31,0,-,0,0,,2025-10-01,364,not_uploaded,alive
431,"110建字第0099號","璞承永吉","Google Drive",87,0,-,0,0,,2025-10-01,364,completed_project,alive
432,"111建字第0162號","台北市復興段危老案住宅","Google Drive",46,0,-,0,0,,2025-10-01,364,not_uploaded,alive
433,"112建字第0048號","大同區大龍段一小段","Google Drive",47,0,-,1,0,2026-01-14,2025-10-01,364,not_uploaded,404
434,"112建字第0041號","全樂建設-士林區永平段案","Google Drive",41,0,-,0,1,2026-01-12,2025-10-01,364,not_uploaded,alive
435,"111建字第0156號","世界廣場","Google Drive",138,0,-,0,0,,2025-10-01,364,not_uploaded,alive
436,"110建字第0061號","璞園袖里春","Google Drive",75,0,-,0,0,,2025-10-01,364,completed_project,alive
437,"110建字第0372號","新家源建設工地","Google Drive",37,0,-,0,0,,2025-10-01,364,completed_project,alive
438,"110建字第0370號","福清1002-1008","Google Drive",4,0,-,0,0,,2025-10-01,364,completed_project,404
439,"110建字第0012號","原樹工地監測資料","Google Drive",43,0,-,0,0,,2025-10-01,364,completed_project,alive
440,"110建字第0355號","助群榮星鄰房監測站","Google Drive",38,0,-,0,0,,2025-10-01,364,completed_project,alive
441,"111建字第0146號","南京阿曼","Google Drive",80,0,-,0,0,,2025-10-01,364,not_uploaded,alive
442,"110建字第0006號","14-工地監測報告","Google Drive",1,0,-,0,0,,2025-10-01,364,completed_project,alive
443,"113建字第0207號","臺北市士林區「芝山安居」社會住宅新建統包","Google Drive",34,0,-,0,1,2026-07-29,2025-10-01,364,not_uploaded,404
444,"109建字第0287號","士林區天山段一小段","Google Drive",76,0,-,0,0,,2025-10-01,364,completed_project,alive
445,"109建字第0272號","一期","Google Drive",80,0,-,0,0,,2025-10-01,364,completed_project,alive
446,"110建字第0306號","","Google Drive",66,0,-,0,0,,2025-10-01,364,completed_project,alive
447,"110建字第0266號","士林光華段集合住宅","Google Drive",9,0,-,0,0,,2025-10-01,364,completed_project,alive
448,"109建字第0256號","耀達金矽谷廠辦新建工程","Google Drive",5,0,-,0,0,,2025-10-01,364,completed_project,alive
449,"110建字第0252號","建字0252號芯談美案工地","Google Drive",62,0,-,0,0,,2025-10-01,364,completed_project,alive
450,"110建字第0250號","華南萬華區華江段拾參層集合住宅","Google Drive",47,0,-,0,1,2025-12-01,2025-10-01,364,completed_project,alive
451,"111建字第0355號","永陞逸仙段","Google Drive",47,0,-,0,0,,2025-10-01,364,not_uploaded,alive
452,"110建字第0247號","全樂建設-士林區永平段案","Google Drive",15,0,-,0,1,2026-01-12,2025-10-01,364,completed_project,alive
453,"111建字第0351號","中山北路六段三玉段危老重","Google Drive",2,0,-,0,0,,2025-10-01,364,not_uploaded,alive
454,"111建字第0127號","同心營造","Google Drive",34,0,-,0,0,,2025-10-01,364,not_uploaded,alive
455,"111建字第0125號","虹光植福路商辦大樓新建工程","Google Drive",6,0,-,0,0,,2025-10-01,364,not_uploaded,alive
456,"111建字第0123號","國泰蒔美","Google Drive",60,0,-,0,0,,2025-10-01,364,not_uploaded,alive
457,"111建字第0336號","昇陽士東案新建工程；璞鈺建設士林區三玉段","Google Drive",47,0,-,0,0,,2025-10-01,364,not_uploaded,alive
458,"110建字第0238號","","Google Drive",136,0,-,0,0,,2025-10-01,364,completed_project,alive
459,"111建字第0119號","松隆路案","Google Drive",37,0,-,0,0,,2025-10-01,364,not_uploaded,alive
460,"109建字第0201號","松陽福星工地","Google Drive",72,0,-,0,0,,2025-10-01,364,completed_project,alive
461,"111建字第0118號","和暘豪景工地","Google Drive",65,0,-,0,0,,2025-10-01,364,not_uploaded,alive
462,"109建字第0170號","臺北市立大安高級工業職業學校新建綜合教學大樓工程","Google Drive",18,0,-,0,0,,2025-10-01,364,completed_project,404
463,"109建字第0150號","木柵光輝路","Google Drive",74,0,-,0,0,,2025-10-01,364,completed_project,alive
464,"111建字第0316號","富裔松平段_景觀工程施工圖","Google Drive",164,0,-,0,0,,2025-10-01,364,not_uploaded,alive
465,"109建字第0143號","日日禾古蹟","Google Drive",32,0,-,0,0,,2025-10-01,364,completed_project,alive
466,"109建字第0139號","台北市松江路段108巷20號旁住宅大樓","Google Drive",71,0,-,0,0,,2025-10-01,364,completed_project,alive
467,"110建字第0219號","帆登-廈門街集合住宅新建工程","Google Drive",72,0,-,0,0,,2025-10-01,364,completed_project,alive
468,"110建字第0212號","光里蘊住宅新建工程","Google Drive",58,0,-,0,0,,2025-10-01,364,completed_project,alive
469,"111建字第0313號","士科潤山工地","Google Drive",79,0,-,0,0,,2025-10-01,364,not_uploaded,alive
470,"110建字第0195號","龍巖南港工地監測數據","Google Drive",119,0,-,0,0,,2025-10-01,364,completed_project,alive
471,"111建字第0107號","士東路安全觀測","Google Drive",40,0,-,0,0,,2025-10-01,364,not_uploaded,alive
472,"112建字第0205號","寶信-洲美段","Google Drive",39,0,-,0,0,,2025-10-01,364,not_uploaded,alive
473,"109建字第0075號","帆登天母九五尊邸觀測資料","Google Drive",37,0,-,0,0,,2025-10-01,364,completed_project,alive
474,"110建字第0187號","年4月古厝","Google Drive",41,0,-,0,0,,2025-10-01,364,completed_project,
475,"111建字第0096號","","Google Drive",29,0,-,0,0,,2025-10-01,364,not_uploaded,alive
476,"109建字第0015號","紘揚建設109字第0015號(工地安全鑑測數據","Google Drive",42,0,-,0,0,,2025-10-01,364,completed_project,alive
477,"108建字第0252號","北投安全觀測量測報表","Google Drive",43,0,-,0,0,,2025-10-01,364,completed_project,alive
478,"112建字第0167號","展宜常閑","Google Drive",2,0,-,0,0,,2025-10-01,364,not_uploaded,alive
479,"112建字第0162號","華固時代置地","Google Drive",31,0,-,0,0,,2025-10-01,364,not_uploaded,404
480,"108建字第0207號","興隆I基地工地","Google Drive",121,0,-,0,0,,2025-10-01,364,completed_project,alive
481,"111建字第0075號","信創上城若水","Google Drive",61,0,-,0,0,,2025-10-01,364,not_uploaded,alive
482,"111建字第0069號","財團法人中華基督教長老會台北信友堂","Google Drive",113,0,-,0,0,,2025-10-01,364,not_uploaded,alive
483,"108建字第0201號","龍都靜廬安全觀測值","Google Drive",40,0,-,0,0,,2025-10-01,364,completed_project,alive
484,"110建字第0143號","東騰建設序東騰新建工程()No.","Google Drive",109,0,-,0,0,,2025-10-01,364,completed_project,404
485,"108建字第0185號","良茂詠悅監測日報","Google Drive",78,0,-,0,0,,2025-10-01,364,completed_project,alive
486,"111建字第0290號","台北市臨沂段九層集合住宅新建工程監測","Google Drive",62,0,-,0,0,,2025-10-01,364,not_uploaded,alive
487,"111建字第0059號","","Google Drive",6,0,-,0,0,,2025-10-01,364,not_uploaded,alive
488,"111建字第0058號","力麒松江總部大樓","Google Drive",120,0,-,0,0,,2025-10-01,364,not_uploaded,404
489,"106建字第0213號","北投區三合段新建工程","Google Drive",29,0,-,0,0,,2025-10-01,364,completed_project,alive
490,"111建字第0057號","將捷木柵甲區段B主體工程新建工程","Google Drive",3,0,-,1,0,2024-03-27,2025-10-01,364,not_uploaded,alive
491,"113建字第0006號","","Google Drive",0,0,-,0,0,,,,no_reports,alive
492,"114建字第0119號","54","Google Drive",0,0,-,0,0,,,,no_reports,alive
493,"114建字第0011號","","Google Drive",0,0,-,0,0,,,,no_reports,404
494,"114建字第0215號","52","Google Drive",0,0,-,0,0,,,,no_reports,alive
495,"110建字第0231號","","Google Drive",0,0,-,0,0,,,,completed_project,alive
496,"113建字第0223號","城甲營造--安全觀測-士林大百齡","Google Drive",0,0,-,0,0,,,,no_reports,alive
497,"111建字第0363號","北投區奇岩三小段11.22地號集合住宅新建工程工地","Google Drive",0,0,-,1,0,2026-01-19,,,no_reports,404
498,"110建字第0239號","","Google Drive",0,0,-,0,0,,,,completed_project,404
499,"109建字第0130號","","Google Drive",0,0,-,0,0,,,,completed_project,alive
500,"110建字第0153號","","Google Drive",0,0,-,0,0,,,,completed_project,404
501,"111建字第0340號","","Google Drive",0,0,-,0,0,,,,no_reports,404
502,"110建字第0325號","","Google Drive",0,0,-,0,0,,,,completed_project,
503,"109建字第0216號","","Google Drive",0,0,-,0,0,,,,completed_project,404
504,"106建字第0005號","","Google Drive",0,0,-,0,0,,,,completed_project,404
505,"110建字第0339號","","Google Drive",0,0,-,0,0,,,,completed_project,404
506,"110建字第0166號","","Google Drive",0,0,-,0,0,,,,completed_project,
507,"111建字第0055號","","Google Drive",0,0,-,0,0,,,,no_reports,404
508,"109建字第0019號","","Google Drive",0,0,-,0,0,,,,completed_project,
509,"110建字第0323號","","Google Drive",0,0,-,0,0,,,,completed_project,
510,"108建字第0038號","","Google Drive",0,0,-,0,0,,,,completed_project,404
511,"107建字第0095號","","Google Drive",0,0,-,0,0,,,,completed_project,404
512,"111建字第0071號","","Google Drive",0,0,-,0,0,,,,no_reports,404
513,"109建字第0038號","","Google Drive",0,0,-,0,0,,,,completed_project,404
514,"114建字第0058號","昇宏昌北投案樹沐新建工程觀測報告","Google Drive",0,0,-,0,0,,,,no_reports,alive
515,"111建字第0273號","","Google Drive",0,0,-,0,0,,,,no_reports,alive
516,"111建字第0253號","雅祥段","Google Drive",0,0,-,0,0,,,,no_reports,alive
517,"111建字第0251號","敦北都更案工地監測數據","Google Drive",0,0,-,1,0,2026-01-14,,,no_reports,alive
518,"112建字第0112號","","其他: gofile-376d656359.tw5.quickconnect.to",0,0,-,0,0,,,,no_reports,
519,"112建字第0109號","","Google Drive",0,0,-,0,0,,,,no_reports,
520,"111建字第0201號","","Google Drive",0,0,-,0,0,,,,no_reports,
521,"111建字第0199號","","Dropbox",0,0,-,0,0,,,,no_reports,
522,"111建字第0192號","","Google Drive",0,0,-,0,0,,,,no_reports,404
523,"111建字第0017號","","SharePoint",0,0,-,0,0,,,,no_reports,
524,"110建字第0102號","","其他: gofile.me",0,0,-,0,0,,,,completed_project,
525,"110建字第0101號","","其他: sites.google.com",0,0,-,0,0,,,,completed_project,
526,"110建字第0096號","","Dropbox",0,0,-,0,0,,,,completed_project,
527,"110建字第0075號","","Google Drive",0,0,-,0,0,,,,completed_project,404
528,"110建字第0059號","","其他: sites.google.com",0,0,-,0,0,,,,completed_project,
529,"110建字第0056號","","Google Drive",0,0,-,0,0,,,,completed_project,404
530,"110建字第0038號","北投監測資料","Google Drive",0,0,-,0,0,,,,completed_project,alive
531,"110建字第0358號","","Google Drive",0,0,-,0,0,,,,completed_project,404
532,"111建字第0153號","","Google Drive",0,0,-,0,0,,,,no_reports,404
533,"111建字第0152號","","其他: sites.google.com",0,0,-,0,0,,,,no_reports,
534,"111建字第0150號","","其他: 1.34.155.181:5000",0,0,-,0,0,,,,no_reports,
535,"111建字第0149號","","Google Drive",0,0,-,0,0,,,,no_reports,404
536,"109建字第0281號","","其他: sites.google.com",0,0,-,0,0,,,,completed_project,
537,"112建字第0022號","","Google Drive",0,0,-,0,0,,,,no_reports,
538,"110建字第0338號","","其他: sites.google.com",0,0,-,0,0,,,,completed_project,
539,"110建字第0337號","","MEGA",0,0,-,0,0,,,,completed_project,
540,"110建字第0307號","致遠新村","Google Drive",0,0,-,0,0,,,,completed_project,alive
541,"113建字第0125號","","Google Drive",0,0,-,0,0,,,,no_reports,404
542,"113建字第0090號","","SharePoint",0,0,-,0,0,,,,no_reports,
543,"110建字第0283號","","其他: ssp.mailcloud.com.tw",0,0,-,0,0,,,,completed_project,
544,"113建字第0052號","富邦人壽承德大樓北基地新建工程統包","Google Drive",0,0,-,0,0,,,,no_reports,alive
545,"112建字第0010號","","SharePoint",0,0,-,0,0,,,,no_reports,
546,"113建字第0040號","","Google Drive",0,0,-,0,0,,,,no_reports,
547,"110建字第0265號","","短網址",0,0,-,0,0,,,,completed_project,
548,"110建字第0257號","","Google Drive",0,0,-,0,0,,,,completed_project,alive
549,"111建字第0352號","","Google Drive",0,0,-,0,0,,,,no_reports,
550,"112建字第0280號","","Google Drive",0,0,-,0,0,,,,no_reports,404
551,"109建字第0252號","","Google Drive",0,0,-,0,0,,,,completed_project,404
552,"109建字第0245號","天祥路","Google Drive",0,0,-,0,0,,,,completed_project,alive
553,"111建字第0121號","永豐泰建設-新建工程 監測資料","Google Drive",0,0,-,1,0,2026-01-13,,,no_reports,alive
554,"109建字第0209號","","SharePoint",0,0,-,0,0,,,,completed_project,
555,"110建字第0228號","","SharePoint",0,0,-,0,0,,,,completed_project,
556,"110建字第0227號","","SharePoint",0,0,-,0,0,,,,completed_project,
557,"109建字第0173號","","其他: sites.google.com",0,0,-,0,0,,,,completed_project,
558,"110建字第0197號","","MEGA",0,0,-,0,0,,,,completed_project,
559,"110建字第0188號","","Google Drive",0,0,-,0,0,,,,completed_project,
560,"111建字第0089號","","Google Drive",0,0,-,0,0,,,,no_reports,
561,"111建字第0302號","","Dropbox",0,0,-,0,0,,,,no_reports,
562,"110建字第0156號","晶展-110-0156號-蔡華平農舍新建工程-監測","Google Drive",0,0,-,0,0,,,,completed_project,alive
563,"110建字第0152號","","其他: gofile.me",0,0,-,0,0,,,,completed_project,
564,"111建字第0295號","","SharePoint",0,0,-,0,0,,,,no_reports,
565,"111建字第0293號","","SharePoint",0,0,-,0,0,,,,no_reports,
566,"112建字第0139號","逢昌營造","Google Drive",0,0,-,0,0,,,,no_reports,alive
567,"111建字第0288號","","SharePoint",0,0,-,0,0,,,,no_reports,
568,"108建字第0015號","","短網址",0,0,-,0,0,,,,completed_project,
569,"107建字第0200號","","Google Drive",0,0,-,0,0,,,,completed_project,404
570,"_drive_names","","Google Drive",0,0,-,0,0,,,,no_reports,
571,"108建字第0065號","","MEGA",0,0,-,0,0,,,,completed_project,
572,"109建字第0068號","","Dropbox",0,0,-,0,0,,,,completed_project,
573,"109建字第0188號","","SharePoint",0,0,-,0,0,,,,completed_project,
574,"110建字第0046號","","其他: gofile.me",0,0,-,0,0,,,,completed_project,
575,"111建字第0196號","","其他: 61.222.213.143:8080",0,0,-,0,0,,,,no_reports,
576,"112建字第0127號","","SharePoint",0,0,-,0,0,,,,no_reports,